<?xml version="1.0" encoding="UTF-8"?>
<beans xmlns="http://www.springframework.org/schema/beans"
       xmlns:xsi="http://www.w3.org/2001/XMLSchema-instance"
       xmlns:int="http://www.springframework.org/schema/integration"
       xmlns:int-aws="http://www.springframework.org/schema/integration/aws"
       xsi:schemaLocation="http://www.springframework.org/schema/beans http://www.springframework.org/schema/beans/spring-beans.xsd
		http://www.springframework.org/schema/integration http://www.springframework.org/schema/integration/spring-integration.xsd
		http://www.springframework.org/schema/integration/aws http://www.springframework.org/schema/integration/aws/spring-integration-aws-1.0.xsd">


    <int:channel id="s3channel"/>

    <int:poller fixed-delay="5000" default="true"/>

    <bean id="credentials" class="org.springframework.integration.aws.core.BasicAWSCredentials">
        <property name="accessKey" value="AKIAJAJOBBCINJ3TPKWA"/>
        <property name="secretKey" value="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"/>
    </bean>

    <!-- aws-endpoint="https://s3.amazonaws.com"  proxyHost="proxy.kdc.capitalone.com" proxyPort="8099"-->
    <bean id="clientConfiguration" class="com.amazonaws.ClientConfiguration">
        <property name="proxyHost" value="proxy.kdc.capitalone.com"/>
        <property name="proxyPort" value="8099"/>
        <property name="preemptiveBasicProxyAuth" value="false"/>
    </bean>
    <!--<bean id="queue" class="java.util.concurrent.ArrayBlockingQueue">-->
        <!--<constructor-arg value="10"/>-->
    <!--</bean>-->
    <!--<bean id="executor" class="java.util.concurrent.ThreadPoolExecutor">-->
        <!--<constructor-arg index="0" value="5"/>-->
        <!--&lt;!&ndash; Core Pool Size &ndash;&gt;-->
        <!--<constructor-arg index="1" value="10"/>-->
        <!--&lt;!&ndash; Max Pool Size &ndash;&gt;-->
        <!--<constructor-arg index="2" value="10"/>-->
        <!--&lt;!&ndash; Time to Live &ndash;&gt;-->
        <!--<constructor-arg index="3" value="MILLISECONDS"/>-->
        <!--&lt;!&ndash; Time Unit &ndash;&gt;-->
        <!--<constructor-arg index="4" ref="queue"/>-->
        <!--&lt;!&ndash; Queue to Hold Task &ndash;&gt;-->
    <!--</bean>-->
    <bean id="s3Operations" class="org.springframework.integration.aws.s3.core.CustomC1AmazonS3Operations">
        <constructor-arg index="0" ref="credentials"/>
        <constructor-arg index="1" ref="clientConfiguration"/>
        <property name="awsEndpoint" value="s3.amazonaws.com"/>
        <property name="temporaryDirectory" value="/Users/asv132/temp/output"/>
        <property name="awsSecurityKey"
                  value="arn:aws:kms:us-east-1:625275122486:key/3fb86a24-bc28-4469-810c-7657deedbc64"/>
    </bean>

    <!-- aws-endpoint="https://s3.amazonaws.com"  -->
    <int-aws:s3-inbound-channel-adapter aws-endpoint="s3.amazonaws.com"
                                        bucket="dms-gumbo"
                                        s3-operations="s3Operations"
                                        credentials-ref="credentials"
                                        file-name-wildcard="fileArch.txt"
                                        remote-directory="/proto"
                                        channel="s3channel"
                                        output-channel="outputFileChannel"
                                        accept-sub-folders="false"
                                        delete-source-files="true"
                                        archive-bucket="dms-gumbo"
                                        archive-directory="/proto/archive">
    </int-aws:s3-inbound-channel-adapter>

    <int:channel id="outputFileChannel"/>
    <bean id="loggingServiceActivator" class="com.capitalone.api.dms.activator.LoggingServiceActivator"/>
    <int:service-activator ref="loggingServiceActivator" method="transform" input-channel="outputFileChannel" requires-reply="false"/>

    <!--<int:logging-channel-adapter channel="outputFileChannel" auto-startup="true" log-full-message="true" level="TRACE"/>-->

    <int:channel id="errorChannel">
        <int:queue capacity="500"/>
    </int:channel>
</beans>