<!DOCTYPE log4j:configuration SYSTEM "log4j.dtd">
<log4j:configuration xmlns:log4j="http://jakarta.apache.org/log4j/">
	  <appender name="main" class="org.apache.log4j.RollingFileAppender">
          <param name="File" value="/opt/springxd/spring-xd/xd/logs/CustomModules/aws-s3/main.log"/>
          <param name="MaxFileSize" value="10MB"/>
	  <param name="MaxBackupIndex" value="10"/>
        <!-- <param name="Append" value="true"/> -->
	  <layout class="org.apache.log4j.PatternLayout">
	  	<param name="ConversionPattern" value="%d{ISO8601}|%p|%c|%m%n"/>
	  </layout>
	  </appender>
	  <appender name="console" class="org.apache.log4j.ConsoleAppender">
	  <layout class="org.apache.log4j.PatternLayout">
	  <param name="ConversionPattern" value="%d{ISO8601}|%p|%c|%m%n"/>
	  </layout>
	  </appender>
	 
	  <logger name="org.springframework" additivity="false">
	  <level value="ERROR"/>
	  <appender-ref ref="main"/>
	  </logger>
	  <logger name="org.apache.zookeeper" additivity="false">
	  <level value="ERROR"/>
	  <appender-ref ref="main"/>
	  </logger>
	  <logger name="org.apache.curator" additivity="false">
	  <level value="ERROR"/>
	  <appender-ref ref="main"/>
	  </logger>
	  <logger name="com.capitalone" additivity="false">
	  <level value="ERROR"/>
	  <appender-ref ref="main"/>
	  </logger>
	  <logger name="LogHandler" additivity="false">
	  <level value="ERROR"/>
	  <appender-ref ref="main"/>
	  </logger>
	  <root>
	  <level value="ERROR"/>
	  <appender-ref ref="main"/>
	  </root>
	  
</log4j:configuration>
